1000,未定,20200104
999,未定,20170819
998,未定,20170818
997,未定,20170817
996,未定,20170816
995,未定,20170815
994,未定,20170814
993,未定,20170813
992,未定,20170812
991,死なせてくれ!!!,20170811
990,孤軍,20170810
989,負ける気がしねえ,20170809
988,待たせたな,20170808
987,忠臣錦,20170807
986,拙者の名前,20170806
985,新鬼ヶ島計画,20170805
984,僕の聖書（バイブル）,20170804
983,雷鳴,20170803
982,無礼者 meets 無礼者,20170802
981,参戦,20170801
980,戦う音楽（ミュージック）,20170731
979,家族問題,20170730
978,飛び六胞登場,20170729
977,宴はやめだ!!!,20170728
976,お控えなすって!!!,20170727
975,錦えもんの一計,20170726
974,いざ、鬼ヶ島!!,20170725
973,光月の一族,20170724
972,煮えてなんぼのおでんに候,20170723
971,釜茹での刑,20170722
970,おでんvsカイドウ,20170721
969,バカ殿,20170720
968,おでんの帰還,20170719
967,ロジャーの冒険,20170718
966,ロジャーと白ひげ,20170717
965,黒炭家の陰謀,20170716
964,おでんの冒険,20170715
963,侍になる,20170714
962,大名と家臣,20170713
961,山の神事件,20170712
960,光月おでん登場,20170711
959,侍,20170710
958,約束の港,20170709
957,ULTIMATE（アルティメット）,20170708
956,ビッグニュース,20170707
955,閻魔 （第二幕 完 全31話）,20170706
954,龍に翼を得たる如し,20170705
953,一度狐（いちどぎつね）,20170704
952,日和と河松,20170703
951,RAMPAGE,20170702
950,兵（つわもの）どもが夢,20170701
949,ミイラ,20170630
948,河童の河松登場,20170629
947,クイーンの賭け,20170628
946,クイーンVSおリン,20170627
945,おリン,20170626
944,相棒,20170625
943,SMILE,20170624
942,白舞大名霜月康イエ,20170623
941,えびす町の人気者,20170622
940,反逆の火種,20170621
939,老いたる豹は路を忘れず,20170620
938,女の秘密,20170619
937,おいはぎ橋の牛鬼丸,20170618
936,大相撲インフェルノ,20170617
935,QUEEN,20170616
934,花のヒョウ五郎,20170615
933,武士の情け,20170614
932,将軍と花魁,20170613
931,おそばマスク,20170612
930,えびす町,20170611
929,ワノ国将軍 黒炭オロチ,20170610
928,花魁小紫登場,20170609
927,禿のおトコ,20170608
926,囚人採掘場,20170607
925,ブランク,20170606
924,は （第一幕 完 全16話）,20170605
923,四皇カイドウVSルフィ,20170604
922,百獣海賊団総督 カイドウ,20170603
921,酒天丸,20170602
920,おでんが好き,20170601
919,おでん城跡,20170531
918,ルフィ太郎の恩返し,20170530
917,食糧宝船,20170529
916,ワノ国の大相撲,20170528
915,博羅町,20170527
914,おこぼれ町,20170526
913,鶴の恩返し,20170525
912,編笠村（あみがさむら）,20170524
911,侍の国の冒険,20170523
910,いざワノ国へ,20170522
909,切腹,20170521
908,世界会議（レヴェリー）開幕,20170520
907,虚（から）の玉座,20170519
906,聖地マリージョア,20170518
905,美しい世界,20170517
904,革命軍全軍隊長登場,20170516
903,5番目の皇帝,20170515
902,END ROLL,20170514
901,死んでも死ぬなよ!!!,20170513
900,BADEND MUSICAL,20170512
899,最後の砦,20170511
898,必ず戻る,20170510
897,ペコムズのカカオ島脱出作戦,20170509
896,最後のお願い,20170508
895,海賊ルフィVS将星カタクリ,20170507
894,0.003472222222,20170506
893,C（シャーロット）家36女フランペ,20170505
892,強敵認定,20170504
891,信じられてる,20170503
890,船の上のビッグ・マム,20170502
889,未知のママ,20170501
888,獅子,20170430
887,どこかで誰かが君の幸せを願ってる,20170429
886,生き様でちゅよ,20170428
885,ブリュレだよっ!!!,20170427
884,誰だ,20170426
883,おやつの時間（メリエンダ）,20170425
882,四皇の想定外,20170424
881,波の部屋,20170423
880,退路０（ゼロ）,20170422
879,ビッグ・マム3将星 カタクリ,20170421
878,ミンク族 侠客団（ガーディアンズ） 団長ペドロ,20170420
877,甘くない,20170419
876,プリン偶然現る!!,20170418
875,女の仁義,20170417
874,キングバーム,20170416
873,八方塞菓子（はっぽうふさがし）,20170415
872,とろふわ,20170414
871,がんばれシーザー!!,20170413
870,訣別,20170412
869,籠城,20170411
868,KXランチャー,20170410
867,HAPPY BIRTHDAY,20170409
866,NATURAL BORN DESTROYER,20170408
865,ねぇマザー,20170407
864,ヴィンスモーク家皆殺し計画,20170406
863,義侠派,20170405
862,頭脳派,20170404
861,演技派,20170403
860,10:00 開宴,20170327
859,四皇暗殺作戦,20170318
858,会議,20170313
857,ルーク,20170306
856,ウソつき,20170220
855,ぐぎゅるるる!!!,20170213
854,何やってんだ,20170206
853,ここじゃねェ,20170130
852,ジェルマの失敗作,20170116
851,シケモク,20170107
850,一筋の光,20161226
849,鏡の国のチョニキ,20161212
848,さよなら,20161205
847,ルフィとビッグ・マム,20161128
846,タマゴの警備,20161121
845,怒りの軍団,20161107
844,ルフィｖｓ.サンジ,20161031
843,ヴィンスモーク・サンジ,20161024
842,満腹の力,20161008
841,東の海（イーストブルー）へ,20161003
840,鉄仮面,20160926
839,くそお世話になりました,20160912
838,チョニキ,20160905
837,ルフィｖｓ.将星クラッカー,20160829
836,ローラがくれた命の紙（ビブルカード）,20160822
835,魂の国,20160808
834,おれの夢,20160801
833,ヴィンスモーク・ジャッジ,20160725
832,ジェルマ王国,20160718
831,不思議な森の冒険,20160704
830,賭けられる男,20160627
829,海賊「四皇」シャーロット・リンリン,20160620
828,１と２,20160606
827,トットランド,20160530
826,０と４,20160523
825,世経の絵物語,20160509
824,気まぐれ,20160425
823,ざわつく世界,20160418
822,下象,20160411
821,承知した,20160404
820,犬と猫に歴史あり,20160319
819,光月家跡取り・モモの助,20160314
818,くじらの中で,20160307
817,霧の雷ぞう,20160229
816,イヌｖｓ.ネコ,20160215
815,おれも連れてけ！！,20160208
814,ネコマムシの旦那に会いに行こう,20160201
813,お茶会の招待状,20160125
812,カポネ・“ギャング”ベッジ,20160118
811,ＲＯＫＯ（ロコ）,20160104
810,ぐるわらの一味、上陸,20151221
809,ネコマムシの旦那,20151207
808,イヌアラシ公爵,20151130
807,１０日前,20151110
806,右腹の砦にて,20151109
805,ミンク族,20151102
804,象の背の国の冒険,20151026
803,登象,20151010
802,ゾウ,20151005
801,開幕宣言,20150928
800,子分盃,20150919
799,親と子,20150907
798,ハート,20150831
797,レベッカ,20150824
796,兵隊さんの決意,20150810
795,自殺,20150803
794,サボの冒険,20150718
793,虎と犬,20150713
792,土下座,20150706
791,ガレキ,20150629
790,天と地,20150622
789,ＬＵＣＹ!!,20150608
788,私の戦い,20150601
787,４分前,20150525
786,ギャッツ,20150518
785,足が折れても,20150511
784,ギア４（フォース）,20150427
783,邪魔だ,20150413
782,悪のカリスマ,20150406
781,本懐,20150330
780,ハートの呪縛,20150323
779,最期のケンカ,20150309
778,ＴＡＣＴＩＣＳ（タクティクス） Ｎｏ．５,20150302
777,ゾロｖｓ.ピーカ,20150223
776,コロシアムの英雄,20150216
775,ルシアンに愛を込めて,20150202
774,トンタッタ族戦士長レオ,20150126
773,ハーフ＆ハーフ,20150119
772,キャベツ＆ロメオ,20150105
771,八宝水軍首領（ドン）・サイ,20141222
770,エルバフの槍,20141215
769,海賊ベラミー,20141201
768,あの日の引鉄,20141124
767,コラさん,20141117
766,スマイル,20141110
765,運命の島ミニオン,20141027
764,ホワイトモンスター,20141020
763,人間宣言,20141011
762,白い町,20141006
761,オペオペの実,20140922
760,同じ賭け,20140913
759,秘策,20140908
758,構わず進め,20140901
757,切り札,20140825
756,４段目,20140811
755,男の世界,20140804
754,お見知り置きを,20140728
753,戦,20140708
752,掌,20140707
751,サボｖｓ.大将藤虎,20140630
750,戦局,20140623
749,すすめ!!曲者軍団,20140602
748,おれの恩返し,20140526
747,最高幹部ピーカ,20140519
746,星,20140512
745,鳥カゴ,20140428
744,革命軍参謀総長,20140414
743,激震のドレスローザ,20140407
742,いつでもキミのそばにいる,20140331
741,うそつきウソランド,20140317
740,頼む,20140310
739,隊長,20140303
738,トレーボル軍特別幹部シュガー,20140224
737,幹部塔,20140210
736,最高幹部ディアマンテ,20140203
735,藤虎の思惑,20140127
734,ロンメルのカマイタチ,20140105
733,兵隊さんの欲しいもの,20140104
732,地下の世界,20131211
731,ドレスローザＳＯＰ作戦,20131210
730,3枚のカード,20131209
729,七武海ドフラミンゴ vs.七武海ロー,20131119
728,悲劇の数,20131118
727,待ち伏せるヒーロー,20131023
726,リク一族,20131022
725,無敗の女,20131021
724,ローの作戦,20131012
723,変更作戦,20131007
722,王族の血統,20130721
721,レベッカと兵隊さん,20130720
720,囚人剣闘士,20130719
719,開けチンジャオ,20130718
718,お花畑のリク王軍,20130717
717,ドレスローザの忘れ物,20130716
716,首領・チンジャオ,20130715
715,激戦区Ｃブロック,20130714
714,ルーシーとウーシー,20130713
713,ウソランド,20130708
712,ヴァイオレット,20130701
711,小人の国の冒険,20130617
710,グリーンビットへ,20130610
709,キング・パンチ,20130520
708,曲者達のコロシアム,20130513
707,Ｂブロック,20130427
706,お前を笑わない,20130422
705,追撃のメイナード,20130415
704,ルーシーとキュロスの像,20130408
703,控室,20130401
702,コリーダコロシアム,20130325
701,愛と情熱とオモチャの国の冒険,20130311
700,奴のペース,20130304
699,朝刊,20130225
698,ドフラミンゴ現る,20130209
697,取り引き,20130204
696,利害の一致,20130128
695,任せろ,20130121
694,最も危険な男,20130104
693,死んでくれ,20121222
692,ドレスローザから来た刺客,20121217
691,死の国の王,20121210
690,S A Ｄ（エスエーディー）,20121126
689,ない様である島,20121112
688,モチャ,20121105
687,猛獣,20121029
686,ビスケットルームの雪女,20121022
685,モモの助、せっしゃの名にござる!!,20120625
684,やめるんだベガパンク,20121015
683,氷のような女,20121006
682,黒幕,20120924
681,ルフィｖｓ.Ｍ（マスター）,20120915
680,「海軍 Ｇ－５ 基地長鬼竹のヴェルゴ」,20120910
679,心意気 Ｇ－５,20120903
678,研究所内 Ａ 棟ロビー,20120827
677,ＣＯＵＮＴＥＲ ＨＡＺＡＲＤ!!,20120820
676,完全なる殺戮兵器,20120806
675,その名も「シノクニ」,20120730
674,傍観者達,20120714
673,ヴェルゴとジョーカー,20120709
672,拙者!!名を錦えもんと申す!!,20120702
671,ガスガスの実,20120618
670,吹雪ときどきＳｌｉｍｅ（スライム）,20120611
669,作戦開始,20120604
668,海賊同盟,20120528
667,ＣＯＯＬ ＦＩＧＨＴ,19990607
666,イエティ ＣＯＯＬ ＢＲＯＴＨＥＲＳ,19990606
665,ＣＡＮＤＹ（キャンディ）,19990605
664,Ｍ（マスター）・シーザー・クラウン,19990604
663,ＣＣ,19990603
662,七武海ロー vs. スモーカー中将,19990602
661,追剥の出る湖,19990601
660,王下七武海トラファルガー・ロー,19990531
659,胴体の話,19990530
658,ビスケットルーム,19990529
657,生首,19990528
656,燃える島の冒険,19990527
655,パンクハザード,19990526
654,GAM（小群）,19990525
653,ヒーローの帽子,19990524
652,前途多難の予感,19990523
651,新世界からの声,19990522
650,知っておくべき2つの変化,19990521
649,タイやヒラメの舞い踊り,19990520
648,タイヨウへと続く道,19990519
647,止まれノア,19990518
646,カエル,19990517
645,死もまた復讐,19990516
644,ゼロに,19990515
643,ファントム,19990514
642,面目など丸潰れ,19990513
641,お前は何だ,19990512
640,魚人島直上,19990511
639,全部守る,19990510
638,にげほし,19990509
637,古の方舟,19990508
636,未来国から来た将軍,19990507
635,空を飛ぶ程悼ましい,19990506
634,１０万vs.１０,19990505
633,敵か味方か,19990504
632,知ってた,19990503
631,ギョンコルド広場,19990502
630,暴れ出す,19990501
629,立ち塞がる元七武海,19990430
628,大掃除,19990429
627,かたじけない,19990428
626,ネプチューン３兄弟,19990427
625,受け継がない意志,19990426
624,オトヒメ王妃,19990425
623,海賊フィッシャー・タイガー,19990424
622,タイヨウの海賊団,19990423
621,オトヒメとタイガー,19990422
620,憧れの遊園地,19990421
619,海の森にて,19990420
618,プロポーズ,19990419
617,サンゴが丘で大事件,19990418
616,復習の記念日,19990417
615,マトマトの呪い,19990416
614,やっちまったモンはしょうがねェ,19990415
613,硬殻塔の人魚姫,19990414
612,助けたサメに連れられて,19990413
611,ホーディ・ジョーンズ,19990412
610,占い師マダム・シャーリー,19990411
609,魚人島の冒険,19990410
608,海底の楽園,19990409
607,海底１万ｍ,19990408
606,深海の冒険,19990407
605,クラーケンと海賊,19990406
604,深層へ,19990405
603,心に留めておけ,19990404
602,下舵いっぱい!!,19990403
601,ROMANCE DAWN for the new world－新しい世界への冒険の夜明け－,19990402
600,再出発の島,19990401
599,九人の海賊,19990331
598,２年後,19990330
597,３Ｄ× ２Ｙ,19990329
596,SPECTRUM（スペクトラム）,19990328
595,宣誓,19990327
594,メッセージ,19990326
593,NEWS,19990325
592,エール,19990324
591,それでいいのか,19990323
590,弟よ,19990322
589,風雲の志,19990321
588,サボの海,19990320
587,おれは、逃げない,19990319
586,悪臭のする街,19990318
585,兄弟杯,19990317
584,ポルシェーミの一件,19990316
583,不確かな物の終着駅（グレイ・ターミナル）,19990315
582,ルフィとエース,19990314
581,忍びよる未来,19990313
580,終戦,19990312
579,勇気ある数秒,19990311
578,新時代へ贈るもの,19990310
577,畳み掛ける大事件,19990309
576,大海賊エドワード・ニューゲート,19990308
575,言葉なき怒り,19990307
574,ポートガス・D・エース死す,19990306
573,「この時代の名を白ひげと呼ぶ」,19990305
572,The Times They Are A-Changin’－時代は変わる－,19990304
571,処刑台,19990303
570,命の懸橋,19990302
569,白い怪物,19990301
568,勝手にしやがれ,19990228
567,マリンフォード海軍本部オリス広場,19990227
566,猛攻,19990226
565,オーズの道,19990225
564,世界を揺らす男,19990224
563,心臓一つ 人間一人,19990223
562,海賊大渦蜘蛛スクアード,19990222
561,ルフィvs.ミホーク,19990221
560,インペルダウンの囚人達,19990220
559,天命,19990219
558,弟,19990218
557,ルフィと白ひげ,19990217
556,正義は勝つ,19990216
555,オーズと笠,19990215
554,大将赤犬,19990214
553,頂上決戦,19990213
552,エースと白ひげ,19990212
551,「四皇白ひげ」,19990211
550,海軍本部,19990210
549,出撃の艦（ふね）,19990209
548,ありがとう,19990208
547,島破り,19990207
546,魚人海賊団船長七武海ジンベイ,19990206
545,陽のあたるシャバへ,19990205
544,地獄の釜の蓋もあく,19990204
543,麦わらと黒ひげ,19990203
542,やがて語られるもう一つの事件,19990202
541,未だかつてナッシブル,19990201
540,LV6 無限地獄,19990131
539,エンポリオ・テンションホルモン,19990130
538,LV5.5番地 ニューカマーランド,19990129
537,地獄に仏（オカマ）,19990128
536,LV5 極寒地獄,19990127
535,ダチ,19990126
534,監獄署長マゼランvs.海賊ルフィ,19990125
533,LV4 焦熱地獄,19990124
532,獄卒獣ミノタウルス,19990123
531,LV3 飢餓地獄,19990122
530,地獄へ地獄へ,19990121
529,LV2 猛獣地獄,19990120
528,海峡のジンベイ,19990119
527,LV1 紅蓮地獄,19990118
526,大監獄の冒険,19990117
525,海底監獄インペルダウン,19990116
524,もう誰にも止められない,19990115
523,地獄,19990114
522,死に至る病,19990113
521,天駆ける竜の蹄,19990112
520,ゴルゴンの目,19990111
519,王の資質,19990110
518,闘技台,19990109
517,湯浴み,19990108
516,海賊女帝 ボア・ハンコック,19990107
515,女ヶ島の冒険,19990106
514,カラダカラキノコガハエルダケ,19990105
513,救えないっ!!!,19990104
512,ゾロ、音沙汰なし,19990103
511,鉞かついだ戦桃丸,19990102
510,麦わらの一味ｖｓ.戦闘兵器,19990101
509,黄猿vs.4人の船長,19981231
508,修羅の島,19981230
507,黄猿上陸,19981229
506,ロジャーとレイリー,19981228
505,クマ,19981227
504,海賊前線移動中,19981226
503,荒立つ島,19981225
502,天竜人の一件,19981224
501,うねり始める世界,19981223
500,歴史の残り火,19981222
499,シャボンディパーク,19981221
498,11人の超新星,19981220
497,シャボン舞う諸島の冒険,19981219
496,ヤルキマン・マングローブ,19981218
495,ガオン砲,19981217
494,デュバルの悲劇,19981216
493,知ってる,19981215
492,鉄仮面のデュバル,19981214
491,トビウオライダーズ,19981213
490,再び辿りつく,19981212
489,8人目,19981211
488,命の唄,19981210
487,あの唄,19981209
486,ピアノ,19981208
485,麦わらの一味･海賊狩りのゾロ,19981207
484,ぷに,19981206
483,夢の終わり,19981205
482,朝が来る,19981204
481,影の集合地（シャドーズ・アスガルド）,19981203
480,迎撃,19981202
479,希望の戦士,19981201
478,ルフィvsルフィ,19981130
477,３／８,19981129
476,ナイトメア・ルフィ,19981128
475,森の海賊団,19981127
474,やるしかねぇ!!!,19981126
473,王下七武海バーソロミュー・くま現る,19981125
472,ダウン,19981124
471,MY FRIEND,19981123
470,オーズvs麦わらの一味,19981122
469,出て来い麦わらの一味!!!,19981121
468,海賊チョッパーvs怪人ホグバック,19981120
467,海賊ゾロvs侍・リューマ,19981119
466,決着,19981118
465,海賊ウソップvs怪人（プリンセス）ペローナ,19981117
464,サンジの夢,19981116
463,海賊サンジvs怪人アブサロム,19981115
462,オーズの冒険,19981114
461,ゴーストバスターズ,19981113
460,夜明け前に取り返せ!!,19981112
459,死んでごめんじゃないでしょうに,19981111
458,アフロだけは,19981110
457,肉～～～!!!,19981109
456,氷の国から来た魔神,19981108
455,王下七武海ゲッコー・モリア,19981107
454,ハナウタ,19981106
453,くもり時々ホネ,19981105
452,風のジゴロウ,19981104
451,ペローナの不思議の庭（ワンダーガーデン）,19981103
450,将軍（ジェネラル）ゾンビnight（ナイト）,19981102
449,スリラーバークの四怪人,19981101
448,モリア,19981031
447,びっくりゾンビ,19981030
446,ドクトル・ホグバック,19981029
445,THE・ZONBIE（ザ・ゾンビ）,19981028
444,ゴースト島（アイランド）の冒険,19981027
443,スリラーバーク,19981026
442,魔の海の冒険,19981025
441,バナロ島の決闘,19981024
440,火拳vs黒ひげ,19981023
439,三人目と七人目,19981022
438,プライド,19981021
437,裸百巻,19981020
436,Pants from Frankyhouse（パンツ フロム フランキーハウス,19981019
435,心中お察しする,19981018
434,白ひげと赤髪,19981017
433,その海の名は,19981016
432,びっくり箱,19981015
431,愛の拳,19981014
430,降りそそぐ追想の淡雪,19981013
429,完敗,19981012
428,帰ろう,19981011
427,ここが地獄じゃあるめェし,19981010
426,風待ち（かざまち）の船,19981009
425,死闘の橋,19981008
424,脱出船,19981007
423,人魚伝説,19981006
422,ロブ・ルッチ,19981005
421,ギア３（サード）,19981004
420,バスターコール,19981003
419,英雄伝説,19981002
418,ルフィvsロブ・ルッチ,19981001
417,阿修羅,19980930
416,ゾロvsカク,19980929
415,ヒートアップ,19980928
414,サンジvsジャブラ,19980927
413,狩人,19980926
412,好機（チャンス）は終わった,19980925
411,ナミvsカリファ,19980924
410,ナミ巨大化,19980923
409,凶報緊急大放送,19980922
408,怪物（モンスター）vsクマドリ,19980921
407,モンスター,19980920
406,生命帰還,19980919
405,パワー,19980918
404,フランキーvsフクロウ,19980917
403,Mr.騎士道,19980916
402,2番の手錠,19980915
401,海賊vsCP9,19980914
400,開放の鍵,19980913
399,滝に向かって飛べ!!,19980912
398,宣戦布告,19980911
397,未来へ届くように,19980910
396,サウロ,19980909
395,オハラｖｓ世界政府,19980908
394,オハラの悪魔達,19980907
393,オルビア,19980906
392,デレシ,19980905
391,悪魔と呼ばれた少女,19980904
390,応戦,19980903
389,応答,19980902
388,ギア２（セカンド）,19980901
387,ギア,19980831
386,前代未聞,19980830
385,道はある,19980829
384,反撃ののろしを上げろ,19980828
383,ルフィvsブルーノ,19980827
382,鬼の隠れ家,19980826
381,クビ,19980825
380,エニエス・ロビー本島行き急行便（エクスプレス）,19980824
379,道力,19980823
378,被害状況,19980822
377,司法の島の大決戦!!,19980821
376,わかった,19980820
375,エニエス・ロビーの超人達,19980819
374,争奪戦,19980818
373,必要悪,19980817
372,パラージュ,19980816
371,天晴Tボーン大佐,19980815
370,一人じゃない,19980814
369,ラーメン拳法,19980813
368,海列車バトルゲーム,19980812
367,そげキング,19980811
366,出撃,19980810
365,ロケットマン,19980809
364,ココロ,19980808
363,アクア・ラグナ,19980807
362,引き潮,19980806
361,追伸,19980805
360,まもなく出航,19980804
359,ビンゴ,19980803
358,復活,19980802
357,カティ・フラム,19980801
356,トムさん,19980731
355,スパンダム,19980730
354,海列車,19980729
353,伝説の船大工,19980728
352,トムズ ワーカーズ,19980727
351,クラバウターマン,19980726
350,橋の下倉庫,19980725
349,一市民,19980724
348,戦闘力,19980723
347,六式,19980722
346,9番目の正義,19980721
345,潜伏者,19980720
344,抵抗勢力,19980719
343,CIPHER POL No.9（サイファーポール ナンバーナイン）,19980718
342,闇の使者,19980717
341,悪魔,19980716
340,闇を引く女,19980715
339,うわさ,19980714
338,風来坊（クー・ド・バン）,19980713
337,「水の都」の用心棒,19980712
336,ルフィvsフランキー,19980711
335,WARNING（ワーニング）,19980710
334,密室の大事件,19980709
333,船長（キャプテン）,19980708
332,ルフィvsウソップ,19980707
331,大喧嘩,19980706
330,決めた,19980705
329,おれの名はフランキー,19980704
328,海賊誘拐事件,19980703
327,造船島造船工場1番ドック,19980702
326,アイスバーグさん,19980701
325,フランキー一家,19980630
324,水上都市の冒険,19980629
323,「水の都」ウォーターセブン,19980628
322,パッフィング・トム,19980627
321,,19980626
320,一騎討ち,19980625
319,最高戦力,19980624
318,海軍本部「大将」青キジ,19980623
317,閉会,19980622
316,Ｋ．Ｏ．（ノックアウト）,19980621
315,ブラザー魂（ソウル）,19980620
314,秘密の部屋,19980619
313,コンバット!!!,19980618
312,MAIN EVENT（メインイベント）,19980617
311,GOAL（ゴール）,19980616
310,ラフゲーム,19980615
309,グロッキーリング,19980614
308,グロッキーモンスターズ,19980613
307,妨害大作戦,19980612
306,レディ～イ ドーナツ!!,19980611
305,ドーナツレース,19980610
304,銀ギツネのフォクシー,19980609
303,長い島の冒険,19980608
302,金持ち海賊団,19980607
301,最終楽章（フィナーレ）,19980606
300,我ここに至る,19980605
299,交響曲（シンフォニー）,19980604
298,幻想曲（ファンタジア）,19980603
297,島の歌声（ラブ・ソング）,19980602
296,大地讃称,19980601
295,最空局面,19980531
294,巨大豆蔓（ジャイアントジャック）,19980530
293,雷迎,19980529
292,舞曲（ボレロ）,19980528
291,あふことは片われ月の雲隠れ,19980527
290,ここにいる,19980526
289,シャンドラの灯,19980525
288,望月,19980524
287,祟り,19980523
286,神殺し,19980522
285,シャンドラの魔物,19980521
284,狂想曲（カプリッチオ）,19980520
283,悪ィな,19980519
282,恋の救出前線,19980518
281,望み,19980517
280,デスピア,19980516
279,浮上,19980515
278,海賊ルフィvs神（ゴッド）・エネル,19980514
277,コニス,19980513
276,箴事（マクシム）,19980512
275,SHANDIA RHYTHM（シャンディアリズム）,19980511
274,神曲（ディビーナコメイディア）,19980510
273,聖譚曲（オラトリオ）,19980509
272,五重奏（クインテット）,19980508
271,戯曲（プレイ）,19980507
270,海賊ゾロvs神官オーム,19980506
269,小夜曲（セレナーデ）,19980505
268,協奏曲（コンチェルト）,19980504
267,組曲（スウィート）,19980503
266,行進曲（マーチ）,19980502
265,海賊チョッパーvs神官オーム,19980501
264,海賊ロビンvs神兵長ヤマ,19980430
263,戦士カマキリvs神（ゴッド）・エネル,19980429
262,海賊ナミと変な騎士vs副神兵長ホトリとコトリ,19980428
261,海賊チョッパーvs神官ゲダツ,19980427
260,戦士ゲンボウｖｓ神兵長ヤマ,19980426
259,海賊ルフィｖｓ戦鬼ワイパー,19980425
258,海賊ゾロvs戦士ブラハム,19980424
257,いろんな南,19980423
256,貝（ダイアルバトル）,19980422
255,「戦鬼」ワイパー,19980421
254,うわばみと探索組（チーム）,19980420
253,夜明曲（オーバード）,19980419
252,ヴァース,19980418
251,JUNKTION（ジャンクション）,19980417
250,序曲（オーバーチュア）,19980416
249,玉ドラゴン,19980415
248,雲隠れの村,19980414
247,元神様ｖｓ神官,19980413
246,玉の試練,19980412
245,迷いの森の神官サトリ,19980411
244,神の島の冒険,19980410
243,SOS,19980409
242,試練,19980408
241,第２級犯罪者,19980407
240,天の裁き,19980406
239,ダイアル・エネルギー,19980405
238,エンジェルビーチ,19980404
237,天国の門,19980403
236,上空にて,19980402
235,船は空をゆく,19980401
234,突き上げる海流（ノックアップストリーム）,19980331
233,ご記憶下さいます様に,19980330
232,世界最高権力,19980329
231,一億の男,19980328
230,ハイエナのベラミー,19980327
229,サウスバードを追え!!,19980326
228,メシを食おう,19980325
227,「猿山連合軍最終園長（ラストボス）」モンブラン・クリケット,19980324
226,うそつきノーランド,19980323
225,海底探索王ショウジョウ,19980322
224,人の夢,19980321
223,夢を見るな,19980320
222,ワタクシはこの町では決してケンカしないと誓います,19980319
221,大型ルーキー,19980318
220,怪物,19980317
219,海底散歩,19980316
218,サルベージ王マシラ,19980315
217,記録指針（ログポーズ）が丸い理由（わけ）,19980314
216,ビビの冒険,19980313
215,Ｌａｓｔ ｗａｌｔｚ,19980312
214,砂の国脱出作戦,19980311
213,ＶＩＰ,19980310
212,いくつかの正義,19980309
211,王,19980308
210,０（ゼロ）,19980307
209,越えて行く,19980306
208,守護神,19980305
207,悪夢,19980304
206,点火,19980303
205,砂砂団秘密基地,19980302
204,RED,19980301
203,ワニっぽい,19980228
202,王家の墓,19980227
201,ニコ・ロビン,19980226
200,水ルフィ,19980225
199,HOPE,19980224
198,午後四時十五分,19980223
197,統率者達,19980222
196,１（ワン）,19980221
195,Mr.武士道,19980220
194,鉄を斬る,19980219
193,理想郷,19980218
192,旋風注意報,19980217
191,天候を操る女,19980216
190,天候棒（クリマ・タクト）,19980215
189,２,19980214
188,オカマ拳法,19980213
187,互角,19980212
186,４（フォー）,19980211
185,へーそう,19980210
184,モグラ塚４番街,19980209
183,カルー隊長,19980208
182,怒号,19980207
181,超カルガモクイズ,19980206
180,アラバスタ動物ランド,19980205
179,決戦はアルバーナ,19980204
178,LEVEL．G・L（グランドライン）,19980203
177,3000万vs8100万,19980202
176,Ｒｕｓｈ,19980201
175,解放,19980131
174,Mr.プリンス,19980130
173,バナナワニ,19980129
172,反乱（うねり）,19980128
171,反乱軍統率者（リーダー）コーザ,19980127
170,始まる,19980126
169,王国最強の戦士,19980125
168,夢の町レインベース,19980124
167,戦線,19980123
166,ルフィvsビビ,19980122
165,作戦名ユートピア,19980121
164,国が好き,19980120
163,反乱軍の町ユバ,19980119
162,砂の国の冒険,19980118
161,緑の町エルマル,19980117
160,スパイダーズカフェに8時,19980116
159,来いよ,19980115
158,上陸のアラバスタ,19980114
157,エース登場,19980113
156,オカマ日和,19980112
155,海賊サー・クロコダイル,19980111
154,アラバスタへ,19980110
153,ヒルルクの桜,19980109
152,満月,19980108
151,ドラムの空,19980107
150,ロイヤルドラムクラウン７連散弾（ショット）ブリキング大砲（キャノン）,19980106
149,RUMBLE（ランブル）,19980105
148,折れない,19980104
147,ウソッパチ,19980103
146,国防戦,19980102
145,受け継がれる意志,19980101
144,雪物語,19971231
143,不器用,19971230
142,ドクロと桜,19971229
141,ヤブ医者,19971228
140,雪の住む城,19971227
139,トニートニー・チョッパー登場,19971226
138,頂上,19971225
137,雪崩,19971224
136,ドルトンという男,19971223
135,ラパーン,19971222
134,Dr．くれは,19971221
133,名もなき国の冒険,19971220
132,ね,19971219
131,ブリキのワポル,19971218
130,最高速度,19971217
129,まっすぐ,19971216
128,海賊旗（ほこり）,19971215
127,電伝虫,19971214
126,本能,19971213
125,キャンドルチャンピオン,19971212
124,お茶がうめェ,19971211
123,ルフィVSMr．３,19971210
122,死人は役に立たぬ,19971209
121,わかっていた,19971208
120,赤鬼が泣いた,19971207
119,姑息,19971206
118,誰かいる,19971205
117,ドリーとブロギー,19971204
116,でっけェ,19971203
115,冒険のリトルガーデン,19971202
114,進路,19971201
113,大丈夫,19971130
112,ルフィVSゾロ,19971129
111,秘密犯罪会社,19971128
110,夜は終わらない,19971127
109,責任問題,19971126
108,100人の賞金稼ぎ,19971125
107,月光と墓標,19971124
106,歓迎の町,19971123
105,記録指針（ログポーズ）,19971122
104,約束の岬,19971121
103,クジラ,19971120
102,さて、偉大なる航路（グランドライン）,19971119
101,リヴァース・マウンテン,19971118
100,伝説は始まった,19971117
99,ルフィが死んだ,19971116
98,暗雲,19971115
97,三代鬼徹,19971114
96,東一番の悪,19971113
95,まわれ風車,19971112
94,2人目,19971111
93,下へまいります,19971110
92,幸せ,19971109
91,ＤＡＲＴＳ,19971108
90,何ができる,19971107
89,交替,19971106
88,死んで,19971105
87,終わったんだ!!,19971104
86,騎士道ＶＳ魚人空手,19971103
85,三刀流対六刀流,19971102
84,ゾンビ,19971101
83,ルフィ IN BLACK,19971031
82,OK，Let's STAND UP！,19971030
81,涙,19971029
80,罪は罪,19971028
79,生きる,19971027
78,ベルメールさん,19971026
77,夢の一歩,19971025
76,ねる,19971024
75,海図と魚人,19971023
74,仕事（ビジネス）,19971022
73,グランドラインから来た怪物,19971021
72,分相応,19971020
71,万物の霊長,19971019
70,男ウソップ大冒険,19971018
69,アーロンパーク,19971017
68,4人目,19971016
67,soup,19971015
66,噛み殺した槍,19971014
65,覚悟,19971013
64,大戦槍,19971012
63,死なねェよ,19971011
62,Ｍ・Ｈ・５,19971010
61,鬼,19971009
60,ケジメ,19971008
59,恩,19971007
58,クソジジイ,19971006
57,夢在るがゆえ,19971005
56,やなこった,19971004
55,ＪＵＮＧＬＥ ＢＬＯＯＤ,19971003
54,パールさん,19971002
53,サバガシラ１号,19971001
52,誓い,19970930
51,ロロノア・ゾロ 海に散る,19970929
50,己々が路（みち）,19970928
49,嵐,19970927
48,その航路、やめときな,19970926
47,海賊艦隊提督首領（ドン）・クリーク,19970925
46,招かれざる客,19970924
45,嵐前,19970923
44,三人のコック,19970922
43,サンジ登場,19970921
42,ヨサクとジョニー,19970920
41,海へ,19970919
40,ウソップ海賊団,19970918
39,誰がために鐘は鳴る,19970917
38,海賊団,19970916
37,海賊百計のクロ,19970915
36,追え,19970914
35,ネオ坂道,19970913
34,執事クラハドール,19970912
33,音無き男,19970911
32,大凶,19970910
31,真実,19970909
30,GREAT!!!,19970908
29,坂道,19970907
28,三日月,19970906
27,筋,19970905
26,キャプテン・クロの一計,19970904
25,ウソ800,19970903
24,偽れぬもの,19970902
23,キャプテンウソップ登場,19970901
22,あんたが珍獣,19970831
21,町,19970830
20,泥棒道,19970829
19,悪魔の実,19970828
18,海賊道化のバギー,19970827
17,格,19970826
16,VERSUS!! バギー海賊団,19970825
15,GONG,19970824
14,無謀っ!!,19970823
13,宝物,19970822
12,犬,19970821
11,敗走,19970820
10,酒場の一件,19970819
9,魔性の女,19970818
8,ナミ登場,19970817
7,友達,19970816
6,1人目,19970815
5,海賊王と大剣豪,19970814
4,海軍大佐斧手のモーガン,19970813
3,海賊狩りのゾロ登場,19970812
2,その男麦わらのルフィ,19970811
1,ROMANCE DAWN －冒険の夜明け－,19970804